FirstName,LastName,Email,PhoneNumber
Emma,Johnson,emma.johnson@email.com,555-0101
Liam,Smith,liam.smith@email.com,555-0102
Olivia,Williams,olivia.williams@email.com,555-0103
Noah,Brown,noah.brown@email.com,555-0104
Ava,Jones,ava.jones@email.com,555-0105
Ethan,Garcia,ethan.garcia@email.com,555-0106
Sophia,Miller,sophia.miller@email.com,555-0107
Mason,Davis,mason.davis@email.com,555-0108
Isabella,Rodriguez,isabella.rodriguez@email.com,555-0109
William,Martinez,william.martinez@email.com,555-0110
Mia,Hernandez,mia.hernandez@email.com,555-0111
James,Lopez,james.lopez@email.com,555-0112
Charlotte,Gonzalez,charlotte.gonzalez@email.com,555-0113
Benjamin,Wilson,benjamin.wilson@email.com,555-0114
Amelia,Anderson,amelia.anderson@email.com,555-0115
Lucas,Thomas,lucas.thomas@email.com,555-0116
Harper,Taylor,harper.taylor@email.com,555-0117
Henry,Moore,henry.moore@email.com,555-0118
Evelyn,Jackson,evelyn.jackson@email.com,555-0119
Alexander,Martin,alexander.martin@email.com,555-0120
Abigail,Lee,abigail.lee@email.com,555-0121
Michael,Perez,michael.perez@email.com,555-0122
Emily,Thompson,emily.thompson@email.com,555-0123
Daniel,White,daniel.white@email.com,555-0124
Elizabeth,Harris,elizabeth.harris@email.com,555-0125
Matthew,Sanchez,matthew.sanchez@email.com,555-0126
Sofia,Clark,sofia.clark@email.com,555-0127
Joseph,Ramirez,joseph.ramirez@email.com,555-0128
Avery,Lewis,avery.lewis@email.com,555-0129
David,Robinson,david.robinson@email.com,555-0130
Ella,Walker,ella.walker@email.com,555-0131
Jackson,Young,jackson.young@email.com,555-0132
Scarlett,Allen,scarlett.allen@email.com,555-0133
Sebastian,King,sebastian.king@email.com,555-0134
Victoria,Wright,victoria.wright@email.com,555-0135
Jack,Scott,jack.scott@email.com,555-0136
Grace,Torres,grace.torres@email.com,555-0137
Owen,Nguyen,owen.nguyen@email.com,555-0138
Chloe,Hill,chloe.hill@email.com,555-0139
Luke,Flores,luke.flores@email.com,555-0140
Zoey,Green,zoey.green@email.com,555-0141
Gabriel,Adams,gabriel.adams@email.com,555-0142
Penelope,Nelson,penelope.nelson@email.com,555-0143
Carter,Baker,carter.baker@email.com,555-0144
Lillian,Hall,lillian.hall@email.com,555-0145
Wyatt,Rivera,wyatt.rivera@email.com,555-0146
Aria,Campbell,aria.campbell@email.com,555-0147
Grayson,Mitchell,grayson.mitchell@email.com,555-0148
Nora,Carter,nora.carter@email.com,555-0149
Leo,Roberts,leo.roberts@email.com,555-0150
Riley,Gomez,riley.gomez@email.com,555-0151
Samuel,Phillips,samuel.phillips@email.com,555-0152
Layla,Evans,layla.evans@email.com,555-0153
Julian,Turner,julian.turner@email.com,555-0154
Zoe,Diaz,zoe.diaz@email.com,555-0155
Lincoln,Parker,lincoln.parker@email.com,555-0156
Hannah,Cruz,hannah.cruz@email.com,555-0157
Isaac,Edwards,isaac.edwards@email.com,555-0158
Lily,Collins,lily.collins@email.com,555-0159
Christopher,Reyes,christopher.reyes@email.com,555-0160
Addison,Stewart,addison.stewart@email.com,555-0161
Joshua,Morris,joshua.morris@email.com,555-0162
Eleanor,Morales,eleanor.morales@email.com,555-0163
Andrew,Murphy,andrew.murphy@email.com,555-0164
Natalie,Cook,natalie.cook@email.com,555-0165
Ryan,Rogers,ryan.rogers@email.com,555-0166
Brooklyn,Morgan,brooklyn.morgan@email.com,555-0167
Nathan,Peterson,nathan.peterson@email.com,555-0168
Aubrey,Cooper,aubrey.cooper@email.com,555-0169
Dylan,Reed,dylan.reed@email.com,555-0170
Claire,Bailey,claire.bailey@email.com,555-0171
Thomas,Bell,thomas.bell@email.com,555-0172
Violet,Gomez,violet.gomez@email.com,555-0173
Caleb,Kelly,caleb.kelly@email.com,555-0174
Stella,Howard,stella.howard@email.com,555-0175
Elijah,Ward,elijah.ward@email.com,555-0176
Aurora,Cox,aurora.cox@email.com,555-0177
Isaiah,Richardson,isaiah.richardson@email.com,555-0178
Lucy,Wood,lucy.wood@email.com,555-0179
Levi,Watson,levi.watson@email.com,555-0180
Savannah,Brooks,savannah.brooks@email.com,555-0181
Jaxon,Bennett,jaxon.bennett@email.com,555-0182
Anna,Gray,anna.gray@email.com,555-0183
Aaron,James,aaron.james@email.com,555-0184
Caroline,Mendoza,caroline.mendoza@email.com,555-0185
Mateo,Ruiz,mateo.ruiz@email.com,555-0186
Maya,Hughes,maya.hughes@email.com,555-0187
Ezra,Price,ezra.price@email.com,555-0188
Sarah,Alvarez,sarah.alvarez@email.com,555-0189
Connor,Castillo,connor.castillo@email.com,555-0190
Bella,Sanders,bella.sanders@email.com,555-0191
Cameron,Patel,cameron.patel@email.com,555-0192
Paisley,Myers,paisley.myers@email.com,555-0193
Adrian,Long,adrian.long@email.com,555-0194
Madelyn,Ross,madelyn.ross@email.com,555-0195
Asher,Foster,asher.foster@email.com,555-0196
Hazel,Jimenez,hazel.jimenez@email.com,555-0197
Charles,Powell,charles.powell@email.com,555-0198
Kennedy,Sullivan,kennedy.sullivan@email.com,555-0199
Josiah,Russell,josiah.russell@email.com,555-0200
